{
    "intercept": 66.18201216606987,
    "coefficients": {
        "num__Hours_Studied": 0.6043811810070415,
        "num__Attendance": 2.103743464489227,
        "num__Sleep_Hours": 0.14547001165849185,
        "num__Previous_Scores": 0.7024513362460927,
        "num__Tutoring_Sessions": 0.4553816865974026,
        "num__Physical_Activity": 0.17857392501791816,
        "num__Study_Intensity": 0.41848060058066927,
        "num__Academic_Effort": 0.6863121611672057,
        "num__Study_Sleep_Balance": 0.17855946236366918,
        "cat__Parental_Involvement_High": 1.0353351452316948,
        "cat__Parental_Involvement_Low": -0.9855252606535193,
        "cat__Parental_Involvement_Medium": -0.04980988457817492,
        "cat__Access_to_Resources_High": 1.043816748611401,
        "cat__Access_to_Resources_Low": -1.0494855110801373,
        "cat__Access_to_Resources_Medium": 0.0056687624687346665,
        "cat__Extracurricular_Activities_No": -0.2772592519867856,
        "cat__Extracurricular_Activities_Yes": 0.2772592519867864,
        "cat__Motivation_Level_High": 0.5470886140369904,
        "cat__Motivation_Level_Low": -0.5342672185151135,
        "cat__Motivation_Level_Medium": -0.012821395521876937,
        "cat__Internet_Access_No": -0.47731059215939386,
        "cat__Internet_Access_Yes": 0.47731059215939403,
        "cat__Family_Income_High": 0.5204745197327233,
        "cat__Family_Income_Low": -0.4963687903658779,
        "cat__Family_Income_Medium": -0.024105729366846733,
        "cat__Teacher_Quality_High": 0.5254589935177933,
        "cat__Teacher_Quality_Low": -0.5136194297313794,
        "cat__Teacher_Quality_Medium": -0.0118395637864142,
        "cat__School_Type_Private": -0.003419016787587801,
        "cat__School_Type_Public": 0.003419016787587917,
        "cat__Peer_Influence_Negative": -0.5043418112317728,
        "cat__Peer_Influence_Neutral": 0.013366033984390829,
        "cat__Peer_Influence_Positive": 0.49097577724738134,
        "cat__Learning_Disabilities_No": 0.44527866010516826,
        "cat__Learning_Disabilities_Yes": -0.4452786601051682,
        "cat__Parental_Education_Level_College": 0.02229690072027837,
        "cat__Parental_Education_Level_High School": -0.5136298574755462,
        "cat__Parental_Education_Level_Postgraduate": 0.4913329567552677,
        "cat__Distance_from_Home_Far": -0.38470059480287877,
        "cat__Distance_from_Home_Moderate": -0.07965002470493163,
        "cat__Distance_from_Home_Near": 0.4643506195078104,
        "cat__Gender_Female": 0.0071432289666930405,
        "cat__Gender_Male": -0.0071432289666931905
    }
}